<?xml version="1.0" encoding="UTF-8"?>
<project-private xmlns="http://www.netbeans.org/ns/project-private/1">
    <editor-bookmarks xmlns="http://www.netbeans.org/ns/editor-bookmarks/2" lastBookmarkId="0"/>
    <open-files xmlns="http://www.netbeans.org/ns/projectui-open-files/2">
        <group>
            <file>file:/C:/Users/User/Documents/NetBeansProjects/bokingfutsal/src/koneksi/koneksi.java</file>
            <file>file:/C:/Users/User/Documents/NetBeansProjects/bokingfutsal/src/bokingfutsal/menuutama.java</file>
            <file>file:/C:/Users/User/Documents/NetBeansProjects/bokingfutsal/src/bokingfutsal/unnamed.png</file>
            <file>file:/C:/Users/User/Documents/NetBeansProjects/bokingfutsal/src/bokingfutsal/pembayaran.java</file>
            <file>file:/C:/Users/User/Documents/NetBeansProjects/bokingfutsal/src/bokingfutsal/Pembatalan.java</file>
            <file>file:/C:/Users/User/Documents/NetBeansProjects/bokingfutsal/src/bokingfutsal/pilihan.java</file>
            <file>file:/C:/Users/User/Documents/NetBeansProjects/bokingfutsal/src/bokingfutsal/Bokingfutsal.java</file>
            <file>file:/C:/Users/User/Documents/NetBeansProjects/bokingfutsal/src/bokingfutsal/login.java</file>
            <file>file:/C:/Users/User/Documents/NetBeansProjects/bokingfutsal/src/bokingfutsal/laporan.java</file>
            <file>file:/C:/Users/User/Documents/NetBeansProjects/bokingfutsal/src/bokingfutsal/flower1.png</file>
        </group>
    </open-files>
</project-private>
